User ID,Gender,Age,AnnualSalary,Purchased,Gender_Numeric,faixa_idade,faixa_salario
385,Male,35,20000,0,1,36 até 46 anos,15000 até 36000 anual
681,Male,40,43500,0,1,36 até 46 anos,36000 até 60000 anual
353,Male,49,74000,0,1,36 até 46 anos,60000 até 100000 anual
895,Male,40,107500,1,1,36 até 46 anos,100000+ anual
661,Male,25,79000,0,1,22 até 35 anos,60000 até 100000 anual
846,Female,47,33500,1,0,36 até 46 anos,15000 até 36000 anual
219,Female,46,132500,1,0,36 até 46 anos,100000+ anual
588,Male,42,64000,0,1,36 até 46 anos,60000 até 100000 anual
85,Female,30,84500,0,0,22 até 35 anos,60000 até 100000 anual
465,Male,41,52000,0,1,36 até 46 anos,36000 até 60000 anual
686,Male,42,80000,0,1,36 até 46 anos,60000 até 100000 anual
408,Male,47,23000,1,1,36 até 46 anos,15000 até 36000 anual
790,Female,32,72500,0,0,22 até 35 anos,60000 até 100000 anual
116,Female,27,57000,0,0,22 até 35 anos,36000 até 60000 anual
118,Female,42,108000,1,0,36 até 46 anos,100000+ anual
54,Female,33,149000,1,0,22 até 35 anos,100000+ anual
90,Male,35,75000,0,1,36 até 46 anos,60000 até 100000 anual
372,Male,35,53000,0,1,36 até 46 anos,36000 até 60000 anual
926,Male,46,79000,1,1,36 até 46 anos,60000 até 100000 anual
94,Female,39,134000,1,0,36 até 46 anos,100000+ anual
338,Female,39,51500,0,0,36 até 46 anos,36000 até 60000 anual
134,Female,49,39000,1,0,36 até 46 anos,36000 até 60000 anual
821,Male,54,25500,1,1,47 ate 60 anos,15000 até 36000 anual
294,Female,41,61500,0,0,36 até 46 anos,60000 até 100000 anual
597,Female,31,117500,0,0,22 até 35 anos,100000+ anual
567,Male,24,58000,0,1,22 até 35 anos,36000 até 60000 anual
20,Male,40,107000,1,1,36 até 46 anos,100000+ anual
108,Male,40,97500,1,1,36 até 46 anos,60000 até 100000 anual
105,Female,48,29000,1,0,36 até 46 anos,15000 até 36000 anual
994,Female,38,147500,1,0,36 até 46 anos,100000+ anual
273,Male,45,26000,1,1,36 até 46 anos,15000 até 36000 anual
263,Male,32,67500,0,1,22 até 35 anos,60000 até 100000 anual
423,Female,37,62000,0,0,36 até 46 anos,60000 até 100000 anual
88,Male,41,79500,0,1,36 até 46 anos,60000 até 100000 anual
81,Female,44,113500,1,0,36 até 46 anos,100000+ anual
257,Female,47,41500,0,0,36 até 46 anos,36000 até 60000 anual
755,Female,38,55000,0,0,36 até 46 anos,36000 até 60000 anual
249,Female,39,114500,1,0,36 até 46 anos,100000+ anual
121,Male,42,73000,1,1,36 até 46 anos,60000 até 100000 anual
489,Male,26,15000,0,1,22 até 35 anos,15000 até 36000 anual
555,Female,21,37500,0,0,22 até 35 anos,36000 até 60000 anual
222,Female,59,39500,1,0,47 ate 60 anos,36000 até 60000 anual
590,Female,39,66500,0,0,36 até 46 anos,60000 até 100000 anual
645,Female,43,80500,0,0,36 até 46 anos,60000 até 100000 anual
689,Male,49,86000,1,1,36 até 46 anos,60000 até 100000 anual
646,Male,37,75000,0,1,36 até 46 anos,60000 até 100000 anual
964,Female,49,76500,0,0,36 até 46 anos,60000 até 100000 anual
384,Male,28,123000,1,1,22 até 35 anos,100000+ anual
826,Female,59,48500,1,0,47 ate 60 anos,36000 até 60000 anual
27,Female,40,60500,0,0,36 até 46 anos,60000 até 100000 anual
268,Female,38,99500,1,0,36 até 46 anos,60000 até 100000 anual
466,Male,51,35500,1,1,47 ate 60 anos,15000 até 36000 anual
411,Female,55,130000,1,0,47 ate 60 anos,100000+ anual
445,Female,23,56500,0,0,22 até 35 anos,36000 até 60000 anual
428,Female,49,43500,1,0,36 até 46 anos,36000 até 60000 anual
974,Female,49,36000,1,0,36 até 46 anos,36000 até 60000 anual
828,Male,48,21500,1,1,36 até 46 anos,15000 até 36000 anual
348,Female,49,98500,0,0,36 até 46 anos,60000 até 100000 anual
730,Male,43,59500,0,1,36 até 46 anos,36000 até 60000 anual
820,Female,35,147000,1,0,36 até 46 anos,100000+ anual
917,Female,50,109500,1,0,47 ate 60 anos,100000+ anual
15,Male,48,26500,1,1,36 até 46 anos,15000 até 36000 anual
365,Male,49,88000,1,1,36 até 46 anos,60000 até 100000 anual
674,Female,38,72500,0,0,36 até 46 anos,60000 até 100000 anual
30,Male,27,58000,0,1,22 até 35 anos,36000 até 60000 anual
531,Male,35,22000,0,1,36 até 46 anos,15000 até 36000 anual
190,Female,35,71000,0,0,36 até 46 anos,60000 até 100000 anual
160,Male,43,129000,1,1,36 até 46 anos,100000+ anual
371,Male,41,45000,0,1,36 até 46 anos,36000 até 60000 anual
321,Male,39,42000,0,1,36 até 46 anos,36000 até 60000 anual
230,Female,45,40500,0,0,36 até 46 anos,36000 até 60000 anual
819,Female,51,37500,1,0,47 ate 60 anos,36000 até 60000 anual
965,Male,20,86500,0,1,Até 21 anos,60000 até 100000 anual
351,Female,41,63000,0,0,36 até 46 anos,60000 até 100000 anual
266,Male,58,41500,1,1,47 ate 60 anos,36000 até 60000 anual
629,Female,50,115500,1,0,47 ate 60 anos,100000+ anual
891,Female,28,55500,0,0,22 até 35 anos,36000 até 60000 anual
311,Male,34,32500,0,1,22 até 35 anos,15000 até 36000 anual
439,Female,57,106500,1,0,47 ate 60 anos,100000+ anual
861,Female,50,53500,1,0,47 ate 60 anos,36000 até 60000 anual
510,Male,49,28000,1,1,36 até 46 anos,15000 até 36000 anual
277,Male,53,151500,1,1,47 ate 60 anos,100000+ anual
417,Male,42,88500,1,1,36 até 46 anos,60000 até 100000 anual
123,Female,27,17000,0,0,22 até 35 anos,15000 até 36000 anual
912,Female,59,76000,1,0,47 ate 60 anos,60000 até 100000 anual
667,Female,51,136500,1,0,47 ate 60 anos,100000+ anual
435,Female,49,120500,1,0,36 até 46 anos,100000+ anual
722,Female,32,35500,0,0,22 até 35 anos,15000 até 36000 anual
892,Male,30,44500,0,1,22 até 35 anos,36000 até 60000 anual
279,Female,27,18500,0,0,22 até 35 anos,15000 até 36000 anual
500,Female,36,50000,0,0,36 até 46 anos,36000 até 60000 anual
684,Male,60,144500,1,1,47 ate 60 anos,100000+ anual
414,Male,38,51000,0,1,36 até 46 anos,36000 até 60000 anual
349,Female,29,38500,0,0,22 até 35 anos,36000 até 60000 anual
456,Female,61,103500,1,0,47 ate 60 anos,100000+ anual
485,Female,33,151500,1,0,22 até 35 anos,100000+ anual
960,Male,45,75500,1,1,36 até 46 anos,60000 até 100000 anual
233,Female,26,17000,0,0,22 até 35 anos,15000 até 36000 anual
191,Male,30,87000,0,1,22 até 35 anos,60000 até 100000 anual
471,Male,38,60500,0,1,36 até 46 anos,60000 até 100000 anual
977,Female,28,84000,0,0,22 até 35 anos,60000 até 100000 anual
120,Female,50,88000,1,0,47 ate 60 anos,60000 até 100000 anual
126,Male,26,80000,0,1,22 até 35 anos,60000 até 100000 anual
23,Male,39,42000,0,1,36 até 46 anos,36000 até 60000 anual
225,Male,26,16000,0,1,22 até 35 anos,15000 até 36000 anual
772,Female,51,21500,1,0,47 ate 60 anos,15000 até 36000 anual
398,Male,36,56500,0,1,36 até 46 anos,36000 até 60000 anual
367,Male,47,29500,1,1,36 até 46 anos,15000 até 36000 anual
511,Female,18,44000,0,0,Até 21 anos,36000 até 60000 anual
775,Male,43,109500,1,1,36 até 46 anos,100000+ anual
324,Male,61,43500,1,1,47 ate 60 anos,36000 até 60000 anual
829,Female,41,30000,0,0,36 até 46 anos,15000 até 36000 anual
478,Male,31,58000,0,1,22 até 35 anos,36000 até 60000 anual
546,Female,29,83000,0,0,22 até 35 anos,60000 até 100000 anual
942,Female,48,108500,1,0,36 até 46 anos,100000+ anual
571,Female,38,112000,0,0,36 até 46 anos,100000+ anual
375,Male,59,143000,1,1,47 ate 60 anos,100000+ anual
905,Female,33,136500,1,0,22 até 35 anos,100000+ anual
132,Male,35,61000,0,1,36 até 46 anos,60000 até 100000 anual
438,Male,28,59000,0,1,22 até 35 anos,36000 até 60000 anual
972,Male,30,107000,1,1,22 até 35 anos,100000+ anual
596,Male,36,99000,1,1,36 até 46 anos,60000 até 100000 anual
395,Male,40,72500,0,1,36 até 46 anos,60000 até 100000 anual
663,Female,33,41000,0,0,22 até 35 anos,36000 até 60000 anual
903,Male,36,23500,0,1,36 até 46 anos,15000 até 36000 anual
25,Male,49,34500,1,1,36 até 46 anos,15000 até 36000 anual
599,Female,40,72000,0,0,36 até 46 anos,60000 até 100000 anual
563,Female,20,23000,0,0,Até 21 anos,15000 até 36000 anual
607,Female,37,137000,1,0,36 até 46 anos,100000+ anual
928,Female,47,144000,1,0,36 até 46 anos,100000+ anual
453,Female,36,24500,0,0,36 até 46 anos,15000 até 36000 anual
509,Male,40,76500,0,1,36 até 46 anos,60000 até 100000 anual
203,Female,59,88000,1,0,47 ate 60 anos,60000 até 100000 anual
450,Female,36,75000,0,0,36 até 46 anos,60000 até 100000 anual
573,Male,42,44500,0,1,36 até 46 anos,36000 até 60000 anual
662,Male,27,89000,0,1,22 até 35 anos,60000 até 100000 anual
651,Male,32,77500,0,1,22 até 35 anos,60000 até 100000 anual
19,Female,48,31500,1,0,36 até 46 anos,15000 até 36000 anual
634,Female,38,81500,0,0,36 até 46 anos,60000 até 100000 anual
647,Male,62,145500,1,1,47 ate 60 anos,100000+ anual
693,Male,38,78500,0,1,36 até 46 anos,60000 até 100000 anual
728,Male,40,75000,0,1,36 até 46 anos,60000 até 100000 anual
520,Male,57,72500,1,1,47 ate 60 anos,60000 até 100000 anual
213,Female,41,114500,0,0,36 até 46 anos,100000+ anual
142,Male,22,89500,0,1,22 até 35 anos,60000 até 100000 anual
322,Female,40,74500,0,0,36 até 46 anos,60000 até 100000 anual
540,Female,39,56500,0,0,36 até 46 anos,36000 até 60000 anual
743,Female,39,73000,0,0,36 até 46 anos,60000 até 100000 anual
887,Female,41,71000,0,0,36 até 46 anos,60000 até 100000 anual
241,Male,28,32000,0,1,22 até 35 anos,15000 até 36000 anual
701,Male,39,62500,0,1,36 até 46 anos,60000 até 100000 anual
848,Male,25,33000,0,1,22 até 35 anos,15000 até 36000 anual
782,Male,43,81500,0,1,36 até 46 anos,60000 até 100000 anual
877,Male,48,74000,1,1,36 até 46 anos,60000 até 100000 anual
924,Male,37,79000,1,1,36 até 46 anos,60000 até 100000 anual
83,Male,36,144000,1,1,36 até 46 anos,100000+ anual
369,Female,32,16500,0,0,22 até 35 anos,15000 até 36000 anual
579,Female,51,121500,1,0,47 ate 60 anos,100000+ anual
583,Male,30,89000,0,1,22 até 35 anos,60000 até 100000 anual
919,Male,36,39500,0,1,36 até 46 anos,36000 até 60000 anual
957,Male,30,135000,1,1,22 até 35 anos,100000+ anual
973,Female,63,110500,1,0,47 ate 60 anos,100000+ anual
521,Male,48,90000,1,1,36 até 46 anos,60000 até 100000 anual
41,Female,36,78500,0,0,36 até 46 anos,60000 até 100000 anual
42,Male,31,136500,1,1,22 até 35 anos,100000+ anual
327,Male,58,61500,1,1,47 ate 60 anos,60000 até 100000 anual
347,Female,22,55000,0,0,22 até 35 anos,36000 até 60000 anual
148,Female,46,96000,0,0,36 até 46 anos,60000 até 100000 anual
443,Female,63,48500,1,0,47 ate 60 anos,36000 até 60000 anual
700,Female,33,28000,0,0,22 até 35 anos,15000 até 36000 anual
738,Male,35,59000,0,1,36 até 46 anos,36000 até 60000 anual
527,Male,41,87000,1,1,36 até 46 anos,60000 até 100000 anual
742,Male,26,81000,0,1,22 até 35 anos,60000 até 100000 anual
175,Female,44,134500,0,0,36 até 46 anos,100000+ anual
335,Male,39,120500,1,1,36 até 46 anos,100000+ anual
996,Male,52,67500,0,1,47 ate 60 anos,60000 até 100000 anual
378,Female,53,82000,1,0,47 ate 60 anos,60000 até 100000 anual
655,Male,43,74500,1,1,36 até 46 anos,60000 até 100000 anual
104,Male,51,23000,1,1,47 ate 60 anos,15000 até 36000 anual
221,Female,55,125000,1,0,47 ate 60 anos,100000+ anual
786,Female,60,35500,1,0,47 ate 60 anos,15000 até 36000 anual
536,Female,38,59500,0,0,36 até 46 anos,36000 até 60000 anual
460,Male,24,19000,0,1,22 até 35 anos,15000 até 36000 anual
710,Female,56,106500,1,0,47 ate 60 anos,100000+ anual
524,Female,56,36500,1,0,47 ate 60 anos,36000 até 60000 anual
890,Male,37,70000,1,1,36 até 46 anos,60000 até 100000 anual
46,Female,61,109500,1,0,47 ate 60 anos,100000+ anual
95,Male,44,81500,0,1,36 até 46 anos,60000 até 100000 anual
78,Female,45,110500,1,0,36 até 46 anos,100000+ anual
402,Female,55,40500,1,0,47 ate 60 anos,36000 até 60000 anual
264,Male,51,143500,0,1,47 ate 60 anos,100000+ anual
34,Male,50,66500,0,1,47 ate 60 anos,60000 até 100000 anual
522,Female,26,118000,0,0,22 até 35 anos,100000+ anual
156,Male,19,19000,0,1,Até 21 anos,15000 até 36000 anual
850,Male,43,80500,0,1,36 até 46 anos,60000 até 100000 anual
99,Male,31,90500,0,1,22 até 35 anos,60000 até 100000 anual
462,Male,39,62500,0,1,36 até 46 anos,60000 até 100000 anual
979,Female,53,46500,0,0,47 ate 60 anos,36000 até 60000 anual
432,Female,44,65500,0,0,36 até 46 anos,60000 até 100000 anual
69,Male,47,25000,1,1,36 até 46 anos,15000 até 36000 anual
943,Female,59,83000,0,0,47 ate 60 anos,60000 até 100000 anual
381,Female,42,52500,0,0,36 até 46 anos,36000 até 60000 anual
958,Male,38,54500,0,1,36 até 46 anos,36000 até 60000 anual
954,Female,41,80000,0,0,36 até 46 anos,60000 até 100000 anual
612,Male,35,88000,0,1,36 até 46 anos,60000 até 100000 anual
267,Male,52,90500,1,1,47 ate 60 anos,60000 até 100000 anual
785,Female,51,133500,1,0,47 ate 60 anos,100000+ anual
557,Male,20,49000,0,1,Até 21 anos,36000 até 60000 anual
935,Male,45,32000,1,1,36 até 46 anos,15000 até 36000 anual
805,Male,62,132500,1,1,47 ate 60 anos,100000+ anual
554,Female,54,144500,1,0,47 ate 60 anos,100000+ anual
990,Female,49,132500,1,0,36 até 46 anos,100000+ anual
345,Female,20,82000,0,0,Até 21 anos,60000 até 100000 anual
172,Male,43,63500,0,1,36 até 46 anos,60000 até 100000 anual
429,Female,27,16500,0,0,22 até 35 anos,15000 até 36000 anual
948,Female,23,64500,0,0,22 até 35 anos,60000 até 100000 anual
89,Female,58,95000,1,0,47 ate 60 anos,60000 até 100000 anual
139,Male,61,43500,1,1,47 ate 60 anos,36000 até 60000 anual
332,Male,21,50500,0,1,22 até 35 anos,36000 até 60000 anual
70,Female,34,42500,0,0,22 até 35 anos,36000 até 60000 anual
868,Female,19,87500,0,0,Até 21 anos,60000 até 100000 anual
747,Male,42,60500,0,1,36 até 46 anos,60000 até 100000 anual
542,Female,47,75500,0,0,36 até 46 anos,60000 até 100000 anual
882,Male,20,77500,0,1,Até 21 anos,60000 até 100000 anual
744,Male,36,80500,0,1,36 até 46 anos,60000 até 100000 anual
498,Male,40,78500,0,1,36 até 46 anos,60000 até 100000 anual
934,Male,40,146500,1,1,36 até 46 anos,100000+ anual
253,Female,55,105500,1,0,47 ate 60 anos,100000+ anual
620,Female,40,64500,0,0,36 até 46 anos,60000 até 100000 anual
778,Female,28,55000,0,0,22 até 35 anos,36000 até 60000 anual
796,Male,36,76500,0,1,36 até 46 anos,60000 até 100000 anual
532,Female,51,45500,0,0,47 ate 60 anos,36000 até 60000 anual
242,Male,48,33000,1,1,36 até 46 anos,15000 até 36000 anual
504,Female,24,29500,0,0,22 até 35 anos,15000 até 36000 anual
569,Male,30,149500,1,1,22 até 35 anos,100000+ anual
1000,Female,40,76500,1,0,36 até 46 anos,60000 até 100000 anual
401,Female,62,90500,1,0,47 ate 60 anos,60000 até 100000 anual
229,Male,57,60000,1,1,47 ate 60 anos,60000 até 100000 anual
91,Male,31,74000,0,1,22 até 35 anos,60000 até 100000 anual
135,Female,27,31000,0,0,22 até 35 anos,15000 até 36000 anual
906,Male,42,104000,1,1,36 até 46 anos,100000+ anual
605,Male,49,90500,1,1,36 até 46 anos,60000 até 100000 anual
613,Male,36,92500,1,1,36 até 46 anos,60000 até 100000 anual
196,Male,45,66500,0,1,36 até 46 anos,60000 até 100000 anual
167,Female,31,34000,0,0,22 até 35 anos,15000 até 36000 anual
698,Male,42,98500,1,1,36 até 46 anos,60000 até 100000 anual
565,Female,32,90500,0,0,22 até 35 anos,60000 até 100000 anual
669,Male,28,59500,0,1,22 até 35 anos,36000 até 60000 anual
715,Male,37,61500,0,1,36 até 46 anos,60000 até 100000 anual
258,Female,58,38000,1,0,47 ate 60 anos,36000 até 60000 anual
604,Female,57,28500,1,0,47 ate 60 anos,15000 até 36000 anual
517,Female,51,37500,1,0,47 ate 60 anos,36000 até 60000 anual
228,Female,27,36500,0,0,22 até 35 anos,36000 até 60000 anual
987,Male,20,20500,0,1,Até 21 anos,15000 até 36000 anual
885,Male,50,36500,1,1,47 ate 60 anos,36000 até 60000 anual
415,Female,21,83500,0,0,22 até 35 anos,60000 até 100000 anual
357,Female,57,110500,1,0,47 ate 60 anos,100000+ anual
254,Male,40,77500,0,1,36 até 46 anos,60000 até 100000 anual
235,Female,21,24500,0,0,22 até 35 anos,15000 até 36000 anual
282,Male,30,44500,0,1,22 até 35 anos,36000 até 60000 anual
128,Male,42,73500,0,1,36 até 46 anos,60000 até 100000 anual
703,Female,40,60000,0,0,36 até 46 anos,60000 até 100000 anual
131,Male,42,65000,0,1,36 até 46 anos,60000 até 100000 anual
119,Male,43,73500,1,1,36 até 46 anos,60000 até 100000 anual
921,Female,42,136500,1,0,36 até 46 anos,100000+ anual
881,Female,49,36500,1,0,36 até 46 anos,36000 até 60000 anual
182,Male,21,72000,0,1,22 até 35 anos,60000 até 100000 anual
112,Female,58,127500,1,0,47 ate 60 anos,100000+ anual
342,Female,29,88500,0,0,22 até 35 anos,60000 até 100000 anual
397,Male,27,81500,0,1,22 até 35 anos,60000 até 100000 anual
35,Female,42,53000,0,0,36 até 46 anos,36000 até 60000 anual
145,Female,38,80000,0,0,36 até 46 anos,60000 até 100000 anual
941,Female,34,150500,1,0,22 até 35 anos,100000+ anual
736,Female,42,79000,0,0,36 até 46 anos,60000 até 100000 anual
68,Female,35,44500,0,0,36 até 46 anos,36000 até 60000 anual
641,Male,35,116500,0,1,36 até 46 anos,100000+ anual
668,Female,26,43000,0,0,22 até 35 anos,36000 até 60000 anual
673,Male,38,81500,0,1,36 até 46 anos,60000 até 100000 anual
768,Female,42,81500,0,0,36 até 46 anos,60000 até 100000 anual
117,Female,39,75000,1,0,36 até 46 anos,60000 até 100000 anual
633,Male,47,43000,0,1,36 até 46 anos,36000 até 60000 anual
418,Female,28,44000,0,0,22 até 35 anos,36000 até 60000 anual
993,Female,44,139000,1,0,36 até 46 anos,100000+ anual
902,Male,58,75500,1,1,47 ate 60 anos,60000 até 100000 anual
331,Female,32,119500,1,0,22 até 35 anos,100000+ anual
918,Female,34,29500,0,0,22 até 35 anos,15000 até 36000 anual
622,Female,45,131000,1,0,36 até 46 anos,100000+ anual
86,Male,31,88500,0,1,22 até 35 anos,60000 até 100000 anual
392,Male,49,89000,1,1,36 até 46 anos,60000 até 100000 anual
162,Male,45,56500,0,1,36 até 46 anos,36000 até 60000 anual
978,Male,26,81500,0,1,22 até 35 anos,60000 até 100000 anual
624,Male,57,61500,1,1,47 ate 60 anos,60000 até 100000 anual
640,Male,56,133000,1,1,47 ate 60 anos,100000+ anual
26,Female,47,47000,0,0,36 até 46 anos,36000 até 60000 anual
741,Female,43,54500,0,0,36 até 46 anos,36000 até 60000 anual
704,Male,34,44500,0,1,22 até 35 anos,36000 até 60000 anual
199,Female,20,27500,0,0,Até 21 anos,15000 até 36000 anual
130,Female,38,149500,1,0,36 até 46 anos,100000+ anual
179,Male,50,29500,1,1,47 ate 60 anos,15000 até 36000 anual
427,Female,49,141000,1,0,36 até 46 anos,100000+ anual
275,Male,49,81500,1,1,36 até 46 anos,60000 até 100000 anual
330,Female,35,77000,0,0,36 até 46 anos,60000 até 100000 anual
813,Female,28,32500,0,0,22 até 35 anos,15000 até 36000 anual
390,Female,27,73500,0,0,22 até 35 anos,60000 até 100000 anual
774,Female,38,113000,1,0,36 até 46 anos,100000+ anual
469,Male,49,28000,1,1,36 até 46 anos,15000 até 36000 anual
652,Male,55,71500,1,1,47 ate 60 anos,60000 até 100000 anual
729,Male,40,79500,0,1,36 até 46 anos,60000 até 100000 anual
648,Female,20,82000,0,0,Até 21 anos,60000 até 100000 anual
92,Female,25,33500,0,0,22 até 35 anos,15000 até 36000 anual
904,Male,27,82500,0,1,22 até 35 anos,60000 até 100000 anual
614,Female,51,98500,1,0,47 ate 60 anos,60000 até 100000 anual
756,Female,27,137000,1,0,22 até 35 anos,100000+ anual
316,Female,39,113500,0,0,36 até 46 anos,100000+ anual
325,Female,37,78000,1,0,36 até 46 anos,60000 até 100000 anual
953,Male,60,34000,1,1,47 ate 60 anos,15000 até 36000 anual
675,Male,31,18500,0,1,22 até 35 anos,15000 até 36000 anual
373,Female,47,51000,1,0,36 até 46 anos,36000 até 60000 anual
879,Male,36,73500,0,1,36 até 46 anos,60000 até 100000 anual
806,Female,20,36000,0,0,Até 21 anos,36000 até 60000 anual
770,Male,40,43500,0,1,36 até 46 anos,36000 até 60000 anual
387,Female,36,98500,1,0,36 até 46 anos,60000 até 100000 anual
394,Female,60,43500,0,0,47 ate 60 anos,36000 até 60000 anual
911,Female,45,140500,1,0,36 até 46 anos,100000+ anual
922,Male,46,59000,0,1,36 até 46 anos,36000 até 60000 anual
419,Male,38,24500,0,1,36 até 46 anos,15000 até 36000 anual
426,Female,41,72000,0,0,36 até 46 anos,60000 até 100000 anual
10,Male,24,64500,0,1,22 até 35 anos,60000 até 100000 anual
547,Male,42,79500,0,1,36 até 46 anos,60000 até 100000 anual
174,Male,19,25000,0,1,Até 21 anos,15000 até 36000 anual
467,Male,28,91500,0,1,22 até 35 anos,60000 até 100000 anual
502,Male,57,134500,1,1,47 ate 60 anos,100000+ anual
553,Male,33,19500,0,1,22 até 35 anos,15000 até 36000 anual
293,Male,28,89000,0,1,22 até 35 anos,60000 até 100000 anual
719,Female,59,96500,1,0,47 ate 60 anos,60000 até 100000 anual
759,Male,43,66500,0,1,36 até 46 anos,60000 até 100000 anual
740,Male,42,136500,1,1,36 até 46 anos,100000+ anual
87,Male,19,85000,0,1,Até 21 anos,60000 até 100000 anual
753,Female,61,49500,1,0,47 ate 60 anos,36000 até 60000 anual
389,Male,50,75500,0,1,47 ate 60 anos,60000 até 100000 anual
792,Female,34,43000,0,0,22 até 35 anos,36000 até 60000 anual
783,Male,44,74500,0,1,36 até 46 anos,60000 até 100000 anual
487,Female,48,51500,1,0,36 até 46 anos,36000 até 60000 anual
84,Male,37,74000,0,1,36 até 46 anos,60000 até 100000 anual
59,Female,37,51500,0,0,36 até 46 anos,36000 até 60000 anual
153,Male,39,106000,1,1,36 até 46 anos,100000+ anual
920,Female,42,31500,0,0,36 até 46 anos,15000 até 36000 anual
535,Male,63,104500,1,1,47 ate 60 anos,100000+ anual
883,Female,46,41000,1,0,36 até 46 anos,36000 até 60000 anual
750,Male,38,71500,1,1,36 até 46 anos,60000 até 100000 anual
320,Female,52,143500,1,0,47 ate 60 anos,100000+ anual
458,Female,51,89500,1,0,47 ate 60 anos,60000 até 100000 anual
396,Female,26,15000,0,0,22 até 35 anos,15000 até 36000 anual
416,Female,32,69500,0,0,22 até 35 anos,60000 até 100000 anual
575,Male,38,63500,0,1,36 até 46 anos,60000 até 100000 anual
659,Female,48,114500,1,0,36 até 46 anos,100000+ anual
208,Female,41,52500,0,0,36 até 46 anos,36000 até 60000 anual
534,Male,52,88500,1,1,47 ate 60 anos,60000 até 100000 anual
97,Female,61,47500,1,0,47 ate 60 anos,36000 até 60000 anual
628,Female,62,44500,0,0,47 ate 60 anos,36000 até 60000 anual
682,Female,48,30000,1,0,36 até 46 anos,15000 até 36000 anual
970,Female,34,70500,0,0,22 até 35 anos,60000 até 100000 anual
496,Male,29,43000,0,1,22 até 35 anos,36000 até 60000 anual
762,Male,38,80500,1,1,36 até 46 anos,60000 até 100000 anual
495,Female,50,52500,1,0,47 ate 60 anos,36000 até 60000 anual
574,Female,58,34500,1,0,47 ate 60 anos,15000 até 36000 anual
514,Female,34,72000,0,0,22 até 35 anos,60000 até 100000 anual
873,Male,24,21500,0,1,22 até 35 anos,15000 até 36000 anual
867,Female,42,73500,0,0,36 até 46 anos,60000 até 100000 anual
272,Female,38,79500,0,0,36 até 46 anos,60000 até 100000 anual
383,Male,48,24500,1,1,36 até 46 anos,15000 até 36000 anual
178,Male,46,27500,1,1,36 até 46 anos,15000 até 36000 anual
739,Female,50,44000,0,0,47 ate 60 anos,36000 até 60000 anual
47,Female,48,48500,0,0,36 até 46 anos,36000 até 60000 anual
625,Female,29,56500,0,0,22 até 35 anos,36000 até 60000 anual
801,Male,38,73500,0,1,36 até 46 anos,60000 até 100000 anual
615,Male,61,35500,1,1,47 ate 60 anos,15000 até 36000 anual
606,Male,43,55500,0,1,36 até 46 anos,36000 até 60000 anual
206,Female,40,139500,1,0,36 até 46 anos,100000+ anual
997,Female,41,143500,1,0,36 até 46 anos,100000+ anual
216,Male,36,59500,0,1,36 até 46 anos,36000 até 60000 anual
898,Female,45,45000,1,0,36 até 46 anos,36000 até 60000 anual
77,Male,19,70000,0,1,Até 21 anos,60000 até 100000 anual
529,Female,43,133000,0,0,36 até 46 anos,100000+ anual
769,Male,38,61000,0,1,36 até 46 anos,60000 até 100000 anual
845,Female,55,92500,1,0,47 ate 60 anos,60000 até 100000 anual
239,Female,54,104000,1,0,47 ate 60 anos,100000+ anual
459,Male,25,87000,0,1,22 até 35 anos,60000 até 100000 anual
949,Male,31,76000,0,1,22 até 35 anos,60000 até 100000 anual
552,Male,60,42000,1,1,47 ate 60 anos,36000 até 60000 anual
317,Female,38,81500,0,0,36 até 46 anos,60000 até 100000 anual
692,Female,36,72500,0,0,36 até 46 anos,60000 até 100000 anual
683,Female,45,92500,1,0,36 até 46 anos,60000 até 100000 anual
209,Female,54,148500,1,0,47 ate 60 anos,100000+ anual
187,Male,29,60500,0,1,22 até 35 anos,60000 até 100000 anual
170,Female,23,28000,0,0,22 até 35 anos,15000 até 36000 anual
244,Male,46,88000,1,1,36 até 46 anos,60000 até 100000 anual
512,Male,26,30000,0,1,22 até 35 anos,15000 até 36000 anual
679,Female,39,81500,0,0,36 até 46 anos,60000 até 100000 anual
838,Male,45,151500,1,1,36 até 46 anos,100000+ anual
224,Female,36,51500,0,0,36 até 46 anos,36000 até 60000 anual
600,Female,40,62500,0,0,36 até 46 anos,60000 até 100000 anual
808,Male,25,85500,0,1,22 até 35 anos,60000 até 100000 anual
171,Female,52,147500,1,0,47 ate 60 anos,100000+ anual
220,Female,30,116000,0,0,22 até 35 anos,100000+ anual
956,Male,29,43000,0,1,22 até 35 anos,36000 até 60000 anual
936,Male,40,65000,0,1,36 até 46 anos,60000 até 100000 anual
333,Male,20,71500,0,1,Até 21 anos,60000 até 100000 anual
854,Male,25,80000,0,1,22 até 35 anos,60000 até 100000 anual
58,Female,43,81500,1,0,36 até 46 anos,60000 até 100000 anual
716,Female,53,91500,1,0,47 ate 60 anos,60000 até 100000 anual
773,Female,46,135500,0,0,36 até 46 anos,100000+ anual
835,Female,56,84500,1,0,47 ate 60 anos,60000 até 100000 anual
350,Female,26,80000,0,0,22 até 35 anos,60000 até 100000 anual
164,Male,31,18000,0,1,22 até 35 anos,15000 até 36000 anual
379,Female,62,31500,1,0,47 ate 60 anos,15000 até 36000 anual
637,Male,42,149000,1,1,36 até 46 anos,100000+ anual
841,Male,48,34500,1,1,36 até 46 anos,15000 até 36000 anual
205,Female,36,66500,0,0,36 até 46 anos,60000 até 100000 anual
243,Female,31,89000,0,0,22 até 35 anos,60000 até 100000 anual
361,Female,37,55500,0,0,36 até 46 anos,36000 até 60000 anual
269,Female,41,57500,0,0,36 até 46 anos,36000 até 60000 anual
31,Female,28,59500,0,0,22 até 35 anos,36000 até 60000 anual
745,Male,33,43000,0,1,22 até 35 anos,36000 até 60000 anual
880,Male,63,36500,1,1,47 ate 60 anos,36000 até 60000 anual
938,Female,50,36000,1,0,47 ate 60 anos,36000 até 60000 anual
910,Female,34,25000,0,0,22 até 35 anos,15000 até 36000 anual
284,Male,29,33500,0,1,22 até 35 anos,15000 até 36000 anual
71,Male,42,46500,0,1,36 até 46 anos,36000 até 60000 anual
143,Male,28,90500,0,1,22 até 35 anos,60000 até 100000 anual
452,Male,21,88000,0,1,22 até 35 anos,60000 até 100000 anual
252,Female,53,34000,1,0,47 ate 60 anos,15000 até 36000 anual
810,Female,38,65000,0,0,36 até 46 anos,60000 até 100000 anual
541,Female,21,68000,0,0,22 até 35 anos,60000 até 100000 anual
237,Male,41,66500,0,1,36 até 46 anos,60000 até 100000 anual
931,Female,43,112000,1,0,36 até 46 anos,100000+ anual
664,Male,47,89500,1,1,36 até 46 anos,60000 até 100000 anual
616,Male,38,57500,0,1,36 até 46 anos,36000 até 60000 anual
566,Female,29,45500,0,0,22 até 35 anos,36000 até 60000 anual
853,Male,38,71000,0,1,36 até 46 anos,60000 até 100000 anual
169,Female,47,107000,1,0,36 até 46 anos,100000+ anual
472,Female,41,72000,0,0,36 até 46 anos,60000 até 100000 anual
865,Female,29,85500,0,0,22 até 35 anos,60000 até 100000 anual
791,Female,37,146000,1,0,36 até 46 anos,100000+ anual
878,Male,41,61500,0,1,36 até 46 anos,60000 até 100000 anual
271,Female,36,148500,1,0,36 até 46 anos,100000+ anual
763,Male,26,32000,0,1,22 até 35 anos,15000 até 36000 anual
98,Male,32,75500,0,1,22 até 35 anos,60000 até 100000 anual
621,Female,26,72000,0,0,22 até 35 anos,60000 até 100000 anual
113,Male,42,80500,0,1,36 até 46 anos,60000 até 100000 anual
576,Male,61,103500,1,1,47 ate 60 anos,100000+ anual
862,Female,53,139500,1,0,47 ate 60 anos,100000+ anual
896,Male,43,77500,0,1,36 até 46 anos,60000 até 100000 anual
32,Female,47,50000,1,0,36 até 46 anos,36000 até 60000 anual
871,Male,31,50500,0,1,22 até 35 anos,36000 até 60000 anual
944,Female,49,84500,0,0,36 até 46 anos,60000 até 100000 anual
888,Female,37,127500,1,0,36 até 46 anos,100000+ anual
761,Female,52,90000,1,0,47 ate 60 anos,60000 até 100000 anual
533,Male,46,23000,1,1,36 até 46 anos,15000 até 36000 anual
245,Male,23,19500,0,1,22 até 35 anos,15000 até 36000 anual
102,Male,31,16500,0,1,22 até 35 anos,15000 até 36000 anual
961,Male,35,72000,0,1,36 até 46 anos,60000 até 100000 anual
976,Female,19,26000,0,0,Até 21 anos,15000 até 36000 anual
685,Male,32,120000,1,1,22 até 35 anos,100000+ anual
2,Female,38,63500,0,0,36 até 46 anos,60000 até 100000 anual
858,Female,40,82500,0,0,36 até 46 anos,60000 até 100000 anual
434,Female,19,69500,0,0,Até 21 anos,60000 até 100000 anual
849,Female,22,63000,0,0,22 até 35 anos,60000 até 100000 anual
66,Female,59,106500,1,0,47 ate 60 anos,100000+ anual
795,Female,46,46500,1,0,36 até 46 anos,36000 até 60000 anual
876,Male,48,44500,0,1,36 até 46 anos,36000 até 60000 anual
843,Male,46,131500,1,1,36 até 46 anos,100000+ anual
537,Female,41,51000,0,0,36 até 46 anos,36000 até 60000 anual
851,Female,58,47000,1,0,47 ate 60 anos,36000 até 60000 anual
163,Male,39,146500,1,1,36 até 46 anos,100000+ anual
141,Female,57,105500,1,0,47 ate 60 anos,100000+ anual
339,Male,35,79000,0,1,36 até 46 anos,60000 até 100000 anual
262,Female,39,59000,0,0,36 até 46 anos,36000 até 60000 anual
210,Male,44,130500,1,1,36 até 46 anos,100000+ anual
261,Female,34,114500,0,0,22 até 35 anos,100000+ anual
720,Female,61,25500,1,0,47 ate 60 anos,15000 até 36000 anual
725,Female,38,58500,0,0,36 até 46 anos,36000 até 60000 anual
430,Female,42,75000,0,0,36 até 46 anos,60000 até 100000 anual
425,Female,30,29500,0,0,22 até 35 anos,15000 até 36000 anual
506,Female,28,37000,0,0,22 até 35 anos,36000 até 60000 anual
421,Female,53,39500,1,0,47 ate 60 anos,36000 até 60000 anual
157,Male,25,24500,0,1,22 até 35 anos,15000 até 36000 anual
214,Female,60,46000,1,0,47 ate 60 anos,36000 até 60000 anual
149,Male,52,24500,1,1,47 ate 60 anos,15000 até 36000 anual
609,Male,40,123500,1,1,36 até 46 anos,100000+ anual
754,Female,33,69000,0,0,22 até 35 anos,60000 até 100000 anual
259,Male,27,17500,0,1,22 até 35 anos,15000 até 36000 anual
309,Female,56,126500,1,0,47 ate 60 anos,100000+ anual
246,Female,38,50000,0,0,36 até 46 anos,36000 até 60000 anual
5,Male,41,108500,1,1,36 até 46 anos,100000+ anual
138,Female,43,74500,0,0,36 até 46 anos,60000 até 100000 anual
140,Male,47,80500,1,1,36 até 46 anos,60000 até 100000 anual
236,Female,38,94500,1,0,36 até 46 anos,60000 até 100000 anual
777,Female,52,138000,1,0,47 ate 60 anos,100000+ anual
708,Female,27,96000,1,0,22 até 35 anos,60000 até 100000 anual
765,Male,40,57000,0,1,36 até 46 anos,36000 até 60000 anual
334,Female,46,22000,0,0,36 até 46 anos,15000 até 36000 anual
198,Male,32,18000,0,1,22 até 35 anos,15000 até 36000 anual
852,Female,32,117000,0,0,22 até 35 anos,100000+ anual
490,Male,40,59000,0,1,36 até 46 anos,36000 até 60000 anual
548,Female,39,56500,0,0,36 até 46 anos,36000 até 60000 anual
22,Female,56,131500,1,0,47 ate 60 anos,100000+ anual
587,Female,30,79000,0,0,22 até 35 anos,60000 até 100000 anual
96,Male,41,76500,0,1,36 até 46 anos,60000 até 100000 anual
690,Female,61,40500,1,0,47 ate 60 anos,36000 até 60000 anual
463,Male,56,74500,1,1,47 ate 60 anos,60000 até 100000 anual
799,Male,35,39000,0,1,36 até 46 anos,36000 até 60000 anual
194,Female,48,131000,1,0,36 até 46 anos,100000+ anual
836,Female,36,63000,0,0,36 até 46 anos,60000 até 100000 anual
314,Female,38,138500,1,0,36 até 46 anos,100000+ anual
43,Female,51,146000,1,0,47 ate 60 anos,100000+ anual
913,Female,59,29000,1,0,47 ate 60 anos,15000 até 36000 anual
72,Female,28,85500,0,0,22 até 35 anos,60000 até 100000 anual
975,Male,40,72500,1,1,36 até 46 anos,60000 até 100000 anual
270,Male,23,63000,0,1,22 até 35 anos,60000 até 100000 anual
315,Male,56,40500,1,1,47 ate 60 anos,36000 até 60000 anual
176,Male,41,73500,0,1,36 até 46 anos,60000 até 100000 anual
49,Male,26,91500,0,1,22 até 35 anos,60000 até 100000 anual
36,Male,20,26500,0,1,Até 21 anos,15000 até 36000 anual
297,Male,24,84000,0,1,22 até 35 anos,60000 até 100000 anual
985,Female,50,40500,1,0,47 ate 60 anos,36000 até 60000 anual
158,Male,42,65000,0,1,36 até 46 anos,60000 até 100000 anual
658,Female,27,58000,0,0,22 até 35 anos,36000 até 60000 anual
341,Female,23,66000,0,0,22 até 35 anos,60000 até 100000 anual
718,Female,47,83500,0,0,36 até 46 anos,60000 até 100000 anual
550,Male,49,91500,1,1,36 até 46 anos,60000 até 100000 anual
901,Female,35,73500,0,0,36 até 46 anos,60000 até 100000 anual
151,Female,57,26000,1,0,47 ate 60 anos,15000 até 36000 anual
285,Male,39,96000,1,1,36 até 46 anos,60000 até 100000 anual
570,Female,31,80500,0,0,22 até 35 anos,60000 até 100000 anual
833,Female,59,24500,1,0,47 ate 60 anos,15000 até 36000 anual
127,Male,40,81500,1,1,36 até 46 anos,60000 até 100000 anual
76,Female,43,109500,1,0,36 até 46 anos,100000+ anual
915,Female,42,70000,0,0,36 até 46 anos,60000 até 100000 anual
549,Female,35,50000,0,0,36 até 46 anos,36000 até 60000 anual
217,Female,39,51500,0,0,36 até 46 anos,36000 até 60000 anual
582,Male,50,29500,1,1,47 ate 60 anos,15000 até 36000 anual
694,Female,32,86000,0,0,22 até 35 anos,60000 até 100000 anual
186,Male,35,27000,0,1,36 até 46 anos,15000 até 36000 anual
518,Female,40,135500,1,0,36 até 46 anos,100000+ anual
513,Female,20,22500,0,0,Até 21 anos,15000 até 36000 anual
147,Male,21,75500,0,1,22 até 35 anos,60000 até 100000 anual
491,Female,49,135500,1,0,36 até 46 anos,100000+ anual
889,Male,36,51500,0,1,36 até 46 anos,36000 até 60000 anual
907,Male,36,21500,0,1,36 até 46 anos,15000 até 36000 anual
601,Female,58,132500,1,0,47 ate 60 anos,100000+ anual
875,Female,44,74500,0,0,36 até 46 anos,60000 até 100000 anual
455,Male,40,135500,1,1,36 até 46 anos,100000+ anual
526,Male,20,86000,0,1,Até 21 anos,60000 até 100000 anual
568,Male,28,21500,0,1,22 até 35 anos,15000 até 36000 anual
75,Male,23,82500,0,1,22 até 35 anos,60000 até 100000 anual
930,Male,48,41000,1,1,36 até 46 anos,36000 até 60000 anual
38,Female,43,76500,0,0,36 até 46 anos,60000 até 100000 anual
713,Female,19,21000,0,0,Até 21 anos,15000 até 36000 anual
515,Female,30,62000,0,0,22 até 35 anos,60000 até 100000 anual
146,Male,32,18000,0,1,22 até 35 anos,15000 até 36000 anual
991,Female,53,38500,1,0,47 ate 60 anos,36000 até 60000 anual
377,Male,44,54500,0,1,36 até 46 anos,36000 até 60000 anual
227,Male,37,55000,0,1,36 até 46 anos,36000 até 60000 anual
406,Male,46,28000,1,1,36 até 46 anos,15000 até 36000 anual
21,Male,36,62500,0,1,36 até 46 anos,60000 até 100000 anual
809,Male,54,70000,1,1,47 ate 60 anos,60000 até 100000 anual
630,Female,44,39000,0,0,36 até 46 anos,36000 até 60000 anual
507,Male,51,92500,1,1,47 ate 60 anos,60000 até 100000 anual
107,Female,47,97500,0,0,36 até 46 anos,60000 até 100000 anual
966,Female,32,150000,1,0,22 até 35 anos,100000+ anual
481,Female,62,78500,1,0,47 ate 60 anos,60000 até 100000 anual
816,Female,25,90500,0,0,22 até 35 anos,60000 até 100000 anual
893,Female,42,61500,0,0,36 até 46 anos,60000 até 100000 anual
986,Male,35,58000,0,1,36 até 46 anos,36000 até 60000 anual
967,Male,25,22000,0,1,22 até 35 anos,15000 até 36000 anual
982,Male,41,48500,0,1,36 até 46 anos,36000 até 60000 anual
803,Female,58,23000,1,0,47 ate 60 anos,15000 até 36000 anual
9,Male,46,33500,1,1,36 até 46 anos,15000 até 36000 anual
822,Male,44,89500,1,1,36 até 46 anos,60000 até 100000 anual
360,Male,35,108000,0,1,36 até 46 anos,100000+ anual
200,Female,44,74500,0,0,36 até 46 anos,60000 até 100000 anual
610,Female,48,96000,1,0,36 até 46 anos,60000 até 100000 anual
593,Female,45,55500,0,0,36 até 46 anos,36000 até 60000 anual
584,Male,41,60500,0,1,36 até 46 anos,60000 até 100000 anual
925,Female,54,105500,1,0,47 ate 60 anos,100000+ anual
410,Male,22,18000,0,1,22 até 35 anos,15000 até 36000 anual
717,Male,18,82000,0,1,Até 21 anos,60000 até 100000 anual
33,Male,30,62500,0,1,22 até 35 anos,60000 até 100000 anual
115,Male,40,61000,0,1,36 até 46 anos,60000 até 100000 anual
556,Male,41,59000,0,1,36 até 46 anos,36000 até 60000 anual
636,Male,52,76500,0,1,47 ate 60 anos,60000 até 100000 anual
947,Female,21,16000,0,0,22 até 35 anos,15000 até 36000 anual
929,Female,27,81500,0,0,22 até 35 anos,60000 até 100000 anual
442,Male,29,75000,0,1,22 até 35 anos,60000 até 100000 anual
159,Male,29,61000,0,1,22 até 35 anos,60000 até 100000 anual
959,Male,27,90000,0,1,22 até 35 anos,60000 até 100000 anual
152,Male,24,23000,0,1,22 até 35 anos,15000 até 36000 anual
256,Female,37,80000,0,0,36 até 46 anos,60000 até 100000 anual
296,Female,26,35000,0,0,22 até 35 anos,15000 até 36000 anual
37,Female,22,27000,0,0,22 até 35 anos,15000 até 36000 anual
144,Male,53,72000,1,1,47 ate 60 anos,60000 até 100000 anual
764,Female,27,53500,0,0,22 até 35 anos,36000 até 60000 anual
51,Male,28,79000,0,1,22 até 35 anos,60000 até 100000 anual
523,Female,44,74500,0,0,36 até 46 anos,60000 até 100000 anual
399,Female,43,71500,0,0,36 até 46 anos,60000 até 100000 anual
61,Male,59,145500,1,1,47 ate 60 anos,100000+ anual
329,Male,24,55000,0,1,22 até 35 anos,36000 até 60000 anual
165,Male,31,81500,0,1,22 até 35 anos,60000 até 100000 anual
362,Female,37,71000,0,0,36 até 46 anos,60000 até 100000 anual
195,Female,52,135500,0,0,47 ate 60 anos,100000+ anual
950,Male,60,83000,1,1,47 ate 60 anos,60000 até 100000 anual
644,Male,36,125000,1,1,36 até 46 anos,100000+ anual
188,Female,25,28500,0,0,22 até 35 anos,15000 até 36000 anual
787,Female,29,86500,0,0,22 até 35 anos,60000 até 100000 anual
493,Female,37,57000,0,0,36 até 46 anos,36000 até 60000 anual
53,Male,60,42000,1,1,47 ate 60 anos,36000 até 60000 anual
409,Female,60,124500,1,0,47 ate 60 anos,100000+ anual
260,Female,54,108000,1,0,47 ate 60 anos,100000+ anual
3,Male,20,74000,0,1,Até 21 anos,60000 até 100000 anual
223,Female,45,81500,0,0,36 até 46 anos,60000 até 100000 anual
344,Female,49,24500,0,0,36 até 46 anos,15000 até 36000 anual
18,Male,63,44500,1,1,47 ate 60 anos,36000 até 60000 anual
109,Male,47,118500,1,1,36 até 46 anos,100000+ anual
864,Female,27,44500,0,0,22 até 35 anos,36000 até 60000 anual
474,Female,38,52500,0,0,36 até 46 anos,36000 até 60000 anual
793,Male,55,39000,1,1,47 ate 60 anos,36000 até 60000 anual
632,Female,18,86000,0,0,Até 21 anos,60000 até 100000 anual
300,Female,18,68000,0,0,Até 21 anos,60000 até 100000 anual
323,Male,61,84500,1,1,47 ate 60 anos,60000 até 100000 anual
847,Female,28,85000,0,0,22 até 35 anos,60000 até 100000 anual
326,Female,26,52000,0,0,22 até 35 anos,36000 até 60000 anual
204,Female,36,73500,0,0,36 até 46 anos,60000 até 100000 anual
619,Male,32,19500,0,1,22 até 35 anos,15000 até 36000 anual
727,Female,35,25000,0,0,36 até 46 anos,15000 até 36000 anual
136,Female,54,35500,1,0,47 ate 60 anos,15000 até 36000 anual
468,Female,40,82500,0,0,36 até 46 anos,60000 até 100000 anual
706,Male,43,55500,0,1,36 até 46 anos,36000 até 60000 anual
483,Female,46,114500,1,0,36 até 46 anos,100000+ anual
298,Female,24,89000,0,0,22 até 35 anos,60000 até 100000 anual
897,Male,37,144000,1,1,36 até 46 anos,100000+ anual
386,Female,46,74000,0,0,36 até 46 anos,60000 até 100000 anual
447,Male,43,105500,1,1,36 até 46 anos,100000+ anual
677,Female,48,52500,1,0,36 até 46 anos,36000 até 60000 anual
304,Male,42,108500,1,1,36 até 46 anos,100000+ anual
380,Male,50,89500,1,1,47 ate 60 anos,60000 até 100000 anual
914,Male,30,49000,0,1,22 até 35 anos,36000 até 60000 anual
538,Male,33,31000,0,1,22 até 35 anos,15000 até 36000 anual
650,Male,39,71000,0,1,36 até 46 anos,60000 até 100000 anual
702,Male,40,54500,0,1,36 até 46 anos,36000 até 60000 anual
7,Female,51,134000,0,0,47 ate 60 anos,100000+ anual
305,Female,53,22500,1,0,47 ate 60 anos,15000 até 36000 anual
393,Male,37,100500,1,1,36 até 46 anos,100000+ anual
780,Female,40,80500,0,0,36 até 46 anos,60000 até 100000 anual
654,Male,22,73500,0,1,22 até 35 anos,60000 até 100000 anual
870,Female,41,115500,1,0,36 até 46 anos,100000+ anual
866,Female,45,82500,1,0,36 até 46 anos,60000 até 100000 anual
12,Male,29,90500,0,1,22 até 35 anos,60000 até 100000 anual
137,Female,60,89500,1,0,47 ate 60 anos,60000 até 100000 anual
101,Male,38,93500,1,1,36 até 46 anos,60000 até 100000 anual
623,Female,47,42500,1,0,36 até 46 anos,36000 até 60000 anual
290,Male,34,112000,1,1,22 até 35 anos,100000+ anual
45,Male,30,17000,0,1,22 até 35 anos,15000 até 36000 anual
234,Female,44,82500,0,0,36 até 46 anos,60000 até 100000 anual
307,Male,29,80500,0,1,22 até 35 anos,60000 até 100000 anual
562,Male,29,124500,1,1,22 até 35 anos,100000+ anual
376,Female,37,76500,0,0,36 até 46 anos,60000 até 100000 anual
711,Male,50,25500,1,1,47 ate 60 anos,15000 até 36000 anual
6,Female,36,45500,0,0,36 até 46 anos,36000 até 60000 anual
788,Female,59,42000,0,0,47 ate 60 anos,36000 até 60000 anual
643,Female,57,33000,1,0,47 ate 60 anos,15000 até 36000 anual
310,Male,49,34500,1,1,36 até 46 anos,15000 até 36000 anual
530,Male,27,31500,0,1,22 até 35 anos,15000 até 36000 anual
318,Male,49,42500,1,1,36 até 46 anos,36000 até 60000 anual
859,Female,30,84500,0,0,22 até 35 anos,60000 até 100000 anual
336,Male,38,53500,0,1,36 até 46 anos,36000 até 60000 anual
709,Female,41,60000,0,0,36 até 46 anos,60000 até 100000 anual
278,Female,43,91500,1,0,36 até 46 anos,60000 até 100000 anual
413,Female,53,90500,1,0,47 ate 60 anos,60000 até 100000 anual
749,Male,35,55000,0,1,36 até 46 anos,36000 até 60000 anual
594,Male,50,45500,0,1,47 ate 60 anos,36000 até 60000 anual
366,Male,45,56500,0,1,36 até 46 anos,36000 até 60000 anual
201,Female,34,61500,0,0,22 até 35 anos,60000 até 100000 anual
525,Female,42,72500,0,0,36 até 46 anos,60000 até 100000 anual
666,Female,19,45500,0,0,Até 21 anos,36000 até 60000 anual
29,Male,36,40500,0,1,36 até 46 anos,36000 até 60000 anual
665,Male,48,81500,0,1,36 até 46 anos,60000 até 100000 anual
444,Female,26,84000,0,0,22 até 35 anos,60000 até 100000 anual
57,Male,26,88500,0,1,22 até 35 anos,60000 até 100000 anual
746,Female,36,54000,0,0,36 até 46 anos,36000 até 60000 anual
834,Female,42,80000,1,0,36 até 46 anos,60000 até 100000 anual
995,Male,41,58500,0,1,36 até 46 anos,36000 até 60000 anual
11,Male,40,57000,0,1,36 até 46 anos,36000 até 60000 anual
653,Female,35,60000,0,0,36 até 46 anos,60000 até 100000 anual
358,Male,39,101500,1,1,36 até 46 anos,100000+ anual
79,Male,35,91000,1,1,36 até 46 anos,60000 até 100000 anual
671,Female,42,75500,0,0,36 até 46 anos,60000 até 100000 anual
872,Female,42,73500,0,0,36 até 46 anos,60000 até 100000 anual
672,Male,38,61000,0,1,36 até 46 anos,60000 até 100000 anual
8,Female,54,26000,1,0,47 ate 60 anos,15000 até 36000 anual
129,Male,47,105000,1,1,36 até 46 anos,100000+ anual
328,Male,37,77000,0,1,36 até 46 anos,60000 até 100000 anual
161,Male,42,53500,0,1,36 até 46 anos,36000 até 60000 anual
368,Male,36,89500,0,1,36 até 46 anos,60000 até 100000 anual
499,Female,35,23000,0,0,36 até 46 anos,15000 até 36000 anual
308,Male,35,50000,0,1,36 até 46 anos,36000 até 60000 anual
771,Male,28,89500,0,1,22 até 35 anos,60000 até 100000 anual
180,Male,27,33500,0,1,22 até 35 anos,15000 até 36000 anual
44,Male,49,142500,0,1,36 até 46 anos,100000+ anual
265,Female,42,61500,0,0,36 até 46 anos,60000 até 100000 anual
855,Male,41,73500,0,1,36 até 46 anos,60000 até 100000 anual
363,Female,51,32500,1,0,47 ate 60 anos,15000 até 36000 anual
840,Male,36,52000,0,1,36 até 46 anos,36000 até 60000 anual
999,Male,60,131500,1,1,47 ate 60 anos,100000+ anual
17,Male,40,57000,0,1,36 até 46 anos,36000 até 60000 anual
133,Female,39,65500,0,0,36 até 46 anos,60000 até 100000 anual
955,Male,33,101500,1,1,22 até 35 anos,100000+ anual
894,Male,46,117000,1,1,36 até 46 anos,100000+ anual
503,Male,35,73000,0,1,36 até 46 anos,60000 até 100000 anual
869,Male,60,102000,1,1,47 ate 60 anos,100000+ anual
48,Female,32,135000,1,0,22 até 35 anos,100000+ anual
617,Male,19,76000,0,1,Até 21 anos,60000 até 100000 anual
874,Female,39,128500,1,0,36 até 46 anos,100000+ anual
578,Female,38,62500,0,0,36 até 46 anos,60000 até 100000 anual
312,Female,55,23500,1,0,47 ate 60 anos,15000 até 36000 anual
110,Male,35,113500,1,1,36 até 46 anos,100000+ anual
13,Male,29,80000,0,1,22 até 35 anos,60000 até 100000 anual
734,Female,47,113000,1,0,36 até 46 anos,100000+ anual
670,Male,41,72000,0,1,36 até 46 anos,60000 até 100000 anual
603,Female,43,62500,0,0,36 até 46 anos,60000 até 100000 anual
189,Male,44,54500,0,1,36 até 46 anos,36000 até 60000 anual
559,Male,30,76500,0,1,22 até 35 anos,60000 até 100000 anual
226,Female,50,146500,1,0,47 ate 60 anos,100000+ anual
837,Female,52,114000,0,0,47 ate 60 anos,100000+ anual
346,Female,28,58500,0,0,22 até 35 anos,36000 até 60000 anual
733,Female,36,126000,1,0,36 até 46 anos,100000+ anual
306,Male,37,52000,0,1,36 até 46 anos,36000 até 60000 anual
448,Male,59,135500,1,1,47 ate 60 anos,100000+ anual
585,Male,41,58500,0,1,36 até 46 anos,36000 até 60000 anual
726,Male,23,20000,0,1,22 até 35 anos,15000 até 36000 anual
391,Male,25,59500,0,1,22 até 35 anos,36000 até 60000 anual
56,Female,37,80000,0,0,36 até 46 anos,60000 até 100000 anual
286,Male,39,122000,1,1,36 até 46 anos,100000+ anual
482,Female,60,30500,1,0,47 ate 60 anos,15000 até 36000 anual
595,Female,40,142000,1,0,36 até 46 anos,100000+ anual
100,Male,47,24500,1,1,36 até 46 anos,15000 até 36000 anual
807,Male,36,74500,0,1,36 até 46 anos,60000 até 100000 anual
111,Male,38,41500,0,1,36 até 46 anos,36000 até 60000 anual
939,Female,55,27500,1,0,47 ate 60 anos,15000 até 36000 anual
215,Female,60,28500,1,0,47 ate 60 anos,15000 até 36000 anual
449,Male,34,115000,0,1,22 até 35 anos,100000+ anual
55,Male,27,87500,0,1,22 até 35 anos,60000 até 100000 anual
288,Female,33,118500,0,0,22 até 35 anos,100000+ anual
817,Female,28,97500,1,0,22 até 35 anos,60000 até 100000 anual
543,Female,29,83000,0,0,22 até 35 anos,60000 até 100000 anual
752,Female,33,51000,0,0,22 até 35 anos,36000 até 60000 anual
516,Female,53,115500,0,0,47 ate 60 anos,100000+ anual
856,Male,38,76500,0,1,36 até 46 anos,60000 até 100000 anual
50,Male,37,53000,0,1,36 até 46 anos,36000 até 60000 anual
627,Male,30,81500,0,1,22 até 35 anos,60000 até 100000 anual
657,Male,38,145500,1,1,36 até 46 anos,100000+ anual
4,Female,48,119000,1,0,36 até 46 anos,100000+ anual
433,Female,33,113000,0,0,22 até 35 anos,100000+ anual
238,Female,50,142500,1,0,47 ate 60 anos,100000+ anual
940,Male,45,79000,0,1,36 até 46 anos,60000 até 100000 anual
193,Male,51,35500,1,1,47 ate 60 anos,15000 até 36000 anual
80,Female,35,72000,0,0,36 até 46 anos,60000 até 100000 anual
988,Male,41,79000,0,1,36 até 46 anos,60000 até 100000 anual
784,Female,53,143000,1,0,47 ate 60 anos,100000+ anual
475,Female,55,109500,1,0,47 ate 60 anos,100000+ anual
240,Female,46,82000,0,0,36 até 46 anos,60000 até 100000 anual
969,Female,25,56500,0,0,22 até 35 anos,36000 até 60000 anual
580,Male,18,52000,0,1,Até 21 anos,36000 até 60000 anual
945,Male,58,144000,1,1,47 ate 60 anos,100000+ anual
74,Female,29,60500,0,0,22 até 35 anos,60000 até 100000 anual
486,Female,50,20000,1,0,47 ate 60 anos,15000 até 36000 anual
937,Female,36,58500,0,0,36 até 46 anos,36000 até 60000 anual
422,Male,59,62500,1,1,47 ate 60 anos,60000 até 100000 anual
359,Female,48,47500,1,0,36 até 46 anos,36000 até 60000 anual
446,Female,50,37500,1,0,47 ate 60 anos,36000 até 60000 anual
231,Female,27,85500,0,0,22 até 35 anos,60000 até 100000 anual
688,Male,27,16500,0,1,22 até 35 anos,15000 até 36000 anual
370,Female,24,49500,0,0,22 até 35 anos,36000 até 60000 anual
699,Female,42,77500,1,0,36 até 46 anos,60000 até 100000 anual
122,Male,35,44500,0,1,36 até 46 anos,36000 até 60000 anual
183,Female,44,62500,0,0,36 até 46 anos,60000 até 100000 anual
484,Male,37,126500,1,1,36 até 46 anos,100000+ anual
431,Male,63,44500,1,1,47 ate 60 anos,36000 até 60000 anual
697,Male,41,72500,1,1,36 até 46 anos,60000 até 100000 anual
678,Male,47,20000,1,1,36 até 46 anos,15000 até 36000 anual
899,Male,27,88000,0,1,22 até 35 anos,60000 até 100000 anual
28,Female,56,104000,1,0,47 ate 60 anos,100000+ anual
313,Male,38,77500,0,1,36 até 46 anos,60000 até 100000 anual
251,Female,31,68000,0,0,22 até 35 anos,60000 até 100000 anual
93,Male,50,87500,1,1,47 ate 60 anos,60000 até 100000 anual
125,Male,52,30500,1,1,47 ate 60 anos,15000 até 36000 anual
811,Female,49,97500,1,0,36 até 46 anos,60000 até 100000 anual
923,Female,38,74500,0,0,36 até 46 anos,60000 até 100000 anual
352,Female,24,55000,0,0,22 até 35 anos,36000 até 60000 anual
635,Male,42,124500,1,1,36 até 46 anos,100000+ anual
519,Female,46,32000,1,0,36 até 46 anos,15000 até 36000 anual
551,Female,41,52500,0,0,36 até 46 anos,36000 até 60000 anual
374,Male,60,62500,1,1,47 ate 60 anos,60000 até 100000 anual
461,Female,40,59500,0,0,36 até 46 anos,36000 até 60000 anual
714,Female,22,17500,0,0,22 até 35 anos,15000 até 36000 anual
776,Female,40,95500,1,0,36 até 46 anos,60000 até 100000 anual
295,Male,40,55500,0,1,36 até 46 anos,36000 até 60000 anual
276,Female,55,116500,0,0,47 ate 60 anos,100000+ anual
602,Female,28,18500,0,0,22 até 35 anos,15000 até 36000 anual
825,Female,27,119500,0,0,22 até 35 anos,100000+ anual
705,Male,43,65500,0,1,36 até 46 anos,60000 até 100000 anual
364,Female,41,76500,0,0,36 até 46 anos,60000 até 100000 anual
528,Female,37,64500,0,0,36 até 46 anos,60000 até 100000 anual
103,Male,39,134000,1,1,36 até 46 anos,100000+ anual
60,Male,48,141000,0,1,36 até 46 anos,100000+ anual
480,Male,37,119500,1,1,36 até 46 anos,100000+ anual
73,Male,60,76500,1,1,47 ate 60 anos,60000 até 100000 anual
301,Male,37,53500,0,1,36 até 46 anos,36000 até 60000 anual
839,Female,38,79500,1,0,36 até 46 anos,60000 até 100000 anual
400,Male,30,15000,0,1,22 até 35 anos,15000 até 36000 anual
340,Female,53,22500,1,0,47 ate 60 anos,15000 até 36000 anual
691,Female,58,27500,1,0,47 ate 60 anos,15000 até 36000 anual
247,Female,43,144500,1,0,36 até 46 anos,100000+ anual
64,Female,40,80500,1,0,36 até 46 anos,60000 até 100000 anual
24,Female,37,93000,1,0,36 até 46 anos,60000 até 100000 anual
842,Male,30,80000,0,1,22 até 35 anos,60000 até 100000 anual
497,Female,45,72500,0,0,36 até 46 anos,60000 até 100000 anual
831,Female,45,22000,1,0,36 até 46 anos,15000 até 36000 anual
436,Female,23,48000,0,0,22 até 35 anos,36000 até 60000 anual
67,Female,38,50000,0,0,36 até 46 anos,36000 até 60000 anual
737,Male,26,23500,0,1,22 até 35 anos,15000 até 36000 anual
983,Female,33,87500,0,0,22 até 35 anos,60000 até 100000 anual
218,Female,27,54000,0,0,22 até 35 anos,36000 até 60000 anual
166,Male,43,67500,0,1,36 até 46 anos,60000 até 100000 anual
454,Male,59,130000,1,1,47 ate 60 anos,100000+ anual
437,Male,42,53500,0,1,36 até 46 anos,36000 até 60000 anual
732,Female,31,118000,1,0,22 até 35 anos,100000+ anual
281,Male,39,72500,0,1,36 até 46 anos,60000 até 100000 anual
827,Male,31,66000,0,1,22 até 35 anos,60000 até 100000 anual
589,Male,35,38000,0,1,36 até 46 anos,36000 até 60000 anual
723,Female,60,84500,0,0,47 ate 60 anos,60000 até 100000 anual
909,Male,38,56500,0,1,36 até 46 anos,36000 até 60000 anual
544,Male,61,146500,1,1,47 ate 60 anos,100000+ anual
992,Male,26,34500,0,1,22 até 35 anos,15000 até 36000 anual
638,Male,39,127500,1,1,36 até 46 anos,100000+ anual
812,Male,36,28500,0,1,36 até 46 anos,15000 até 36000 anual
403,Male,45,67500,0,1,36 até 46 anos,60000 até 100000 anual
656,Female,48,35000,1,0,36 até 46 anos,15000 até 36000 anual
250,Male,41,63500,0,1,36 até 46 anos,60000 até 100000 anual
564,Male,21,87500,0,1,22 até 35 anos,60000 até 100000 anual
598,Female,42,90000,1,0,36 até 46 anos,60000 até 100000 anual
62,Male,25,20500,0,1,22 até 35 anos,15000 até 36000 anual
40,Male,26,86000,0,1,22 até 35 anos,60000 até 100000 anual
767,Male,37,72000,0,1,36 até 46 anos,60000 até 100000 anual
202,Female,40,72500,0,0,36 até 46 anos,60000 até 100000 anual
591,Female,60,108000,1,0,47 ate 60 anos,100000+ anual
207,Male,19,53500,0,1,Até 21 anos,36000 até 60000 anual
696,Female,54,83500,1,0,47 ate 60 anos,60000 até 100000 anual
984,Male,36,60500,0,1,36 até 46 anos,60000 até 100000 anual
586,Female,41,67500,0,0,36 até 46 anos,60000 até 100000 anual
626,Female,37,33000,0,0,36 até 46 anos,15000 até 36000 anual
724,Male,54,73500,1,1,47 ate 60 anos,60000 até 100000 anual
354,Male,41,53500,0,1,36 até 46 anos,36000 até 60000 anual
884,Male,56,60000,1,1,47 ate 60 anos,60000 até 100000 anual
758,Male,43,150500,1,1,36 até 46 anos,100000+ anual
545,Male,49,119500,1,1,36 até 46 anos,100000+ anual
908,Female,39,61000,0,0,36 até 46 anos,60000 até 100000 anual
248,Female,23,82000,0,0,22 até 35 anos,60000 até 100000 anual
355,Female,31,63500,0,0,22 até 35 anos,60000 até 100000 anual
289,Male,35,75000,0,1,36 até 46 anos,60000 até 100000 anual
804,Female,48,145500,1,0,36 até 46 anos,100000+ anual
618,Male,39,77000,0,1,36 até 46 anos,60000 até 100000 anual
916,Female,42,73500,0,0,36 até 46 anos,60000 até 100000 anual
292,Female,33,118500,1,0,22 até 35 anos,100000+ anual
488,Female,47,49000,1,0,36 até 46 anos,36000 até 60000 anual
52,Male,40,71000,1,1,36 até 46 anos,60000 até 100000 anual
815,Female,23,28500,0,0,22 até 35 anos,15000 até 36000 anual
473,Male,41,58500,0,1,36 até 46 anos,36000 até 60000 anual
337,Female,35,47000,0,0,36 até 46 anos,36000 até 60000 anual
639,Female,40,148500,1,0,36 até 46 anos,100000+ anual
932,Male,36,76500,0,1,36 até 46 anos,60000 até 100000 anual
274,Male,46,23500,1,1,36 até 46 anos,15000 até 36000 anual
451,Male,31,108500,1,1,22 até 35 anos,100000+ anual
63,Female,55,140500,1,0,47 ate 60 anos,100000+ anual
291,Female,52,41500,1,0,47 ate 60 anos,36000 até 60000 anual
155,Male,40,47000,0,1,36 até 46 anos,36000 até 60000 anual
751,Male,45,106500,1,1,36 até 46 anos,100000+ anual
860,Male,36,60000,0,1,36 até 46 anos,60000 até 100000 anual
789,Male,42,73500,0,1,36 até 46 anos,60000 até 100000 anual
303,Male,52,91500,1,1,47 ate 60 anos,60000 até 100000 anual
232,Male,36,118000,1,1,36 até 46 anos,100000+ anual
181,Female,47,30000,1,0,36 até 46 anos,15000 até 36000 anual
560,Male,43,66500,0,1,36 até 46 anos,60000 até 100000 anual
343,Female,58,123500,1,0,47 ate 60 anos,100000+ anual
501,Female,57,122000,1,0,47 ate 60 anos,100000+ anual
464,Female,49,31500,1,0,36 até 46 anos,15000 até 36000 anual
319,Male,49,75500,1,1,36 até 46 anos,60000 até 100000 anual
952,Male,37,145500,1,1,36 até 46 anos,100000+ anual
356,Female,42,64500,0,0,36 até 46 anos,60000 até 100000 anual
779,Male,45,22000,1,1,36 até 46 anos,15000 até 36000 anual
14,Male,47,60500,0,1,36 até 46 anos,60000 até 100000 anual
192,Male,39,35500,0,1,36 até 46 anos,15000 até 36000 anual
581,Female,35,26500,0,0,36 até 46 anos,15000 até 36000 anual
494,Female,22,69500,0,0,22 até 35 anos,60000 até 100000 anual
981,Male,37,34500,0,1,36 até 46 anos,15000 até 36000 anual
412,Female,61,97500,1,0,47 ate 60 anos,60000 até 100000 anual
505,Female,33,60000,0,0,22 até 35 anos,60000 até 100000 anual
16,Male,55,152500,1,1,47 ate 60 anos,100000+ anual
508,Male,36,54500,0,1,36 até 46 anos,36000 até 60000 anual
211,Male,39,62500,0,1,36 até 46 anos,60000 até 100000 anual
818,Male,48,35500,1,1,36 até 46 anos,15000 até 36000 anual
823,Female,32,117000,1,0,22 até 35 anos,100000+ anual
106,Male,33,19500,0,1,22 até 35 anos,15000 até 36000 anual
900,Female,21,83500,0,0,22 até 35 anos,60000 até 100000 anual
561,Male,39,72500,0,1,36 até 46 anos,60000 até 100000 anual
797,Female,41,72000,0,0,36 até 46 anos,60000 até 100000 anual
989,Female,24,27000,0,0,22 até 35 anos,15000 até 36000 anual
558,Female,51,140500,1,0,47 ate 60 anos,100000+ anual
441,Male,38,71000,0,1,36 até 46 anos,60000 até 100000 anual
963,Female,52,21000,1,0,47 ate 60 anos,15000 até 36000 anual
457,Male,34,43000,0,1,22 até 35 anos,36000 até 60000 anual
802,Male,48,106500,1,1,36 até 46 anos,100000+ anual
470,Female,29,28000,0,0,22 até 35 anos,15000 até 36000 anual
707,Female,59,102500,1,0,47 ate 60 anos,100000+ anual
712,Female,29,47000,0,0,22 até 35 anos,36000 até 60000 anual
283,Female,50,49500,0,0,47 ate 60 anos,36000 até 60000 anual
280,Male,38,75500,0,1,36 até 46 anos,60000 até 100000 anual
388,Female,36,61500,0,0,36 até 46 anos,60000 até 100000 anual
781,Female,28,59000,0,0,22 até 35 anos,36000 até 60000 anual
608,Male,43,59500,0,1,36 até 46 anos,36000 até 60000 anual
766,Male,57,74000,1,1,47 ate 60 anos,60000 até 100000 anual
177,Male,36,109500,0,1,36 até 46 anos,100000+ anual
404,Female,49,139500,1,0,36 até 46 anos,100000+ anual
968,Female,34,52500,0,0,22 até 35 anos,36000 até 60000 anual
212,Female,47,141500,1,0,36 até 46 anos,100000+ anual
539,Female,35,65000,0,0,36 até 46 anos,60000 até 100000 anual
886,Male,50,107500,1,1,47 ate 60 anos,100000+ anual
748,Female,41,73500,0,0,36 até 46 anos,60000 até 100000 anual
735,Male,50,90500,1,1,47 ate 60 anos,60000 até 100000 anual
173,Female,56,145500,1,0,47 ate 60 anos,100000+ anual
592,Female,35,57000,0,0,36 até 46 anos,36000 até 60000 anual
255,Male,40,78000,0,1,36 até 46 anos,60000 até 100000 anual
824,Female,49,34500,1,0,36 até 46 anos,15000 até 36000 anual
631,Male,25,90000,0,1,22 até 35 anos,60000 até 100000 anual
197,Male,36,33000,0,1,36 até 46 anos,15000 até 36000 anual
405,Female,48,138000,1,0,36 até 46 anos,100000+ anual
798,Male,42,54000,0,1,36 até 46 anos,36000 até 60000 anual
185,Male,51,76500,1,1,47 ate 60 anos,60000 até 100000 anual
492,Male,49,65000,0,1,36 até 46 anos,60000 até 100000 anual
731,Male,46,80500,0,1,36 até 46 anos,60000 até 100000 anual
980,Male,27,20000,0,1,22 até 35 anos,15000 até 36000 anual
660,Male,39,52500,0,1,36 até 46 anos,36000 até 60000 anual
479,Female,35,97000,1,0,36 até 46 anos,60000 até 100000 anual
680,Male,47,34000,1,1,36 até 46 anos,15000 até 36000 anual
830,Female,52,38000,1,0,47 ate 60 anos,36000 até 60000 anual
150,Female,49,30500,1,0,36 até 46 anos,15000 até 36000 anual
760,Female,36,26500,0,0,36 até 46 anos,15000 até 36000 anual
857,Male,26,80500,0,1,22 até 35 anos,60000 até 100000 anual
927,Female,38,34500,0,0,36 até 46 anos,15000 até 36000 anual
154,Female,48,50500,1,0,36 até 46 anos,36000 até 60000 anual
1,Male,32,100000,1,1,22 até 35 anos,100000+ anual
933,Female,40,75000,0,0,36 até 46 anos,60000 até 100000 anual
424,Female,42,81500,0,0,36 até 46 anos,60000 até 100000 anual
814,Male,41,62500,0,1,36 até 46 anos,60000 até 100000 anual
184,Female,24,83500,0,0,22 até 35 anos,60000 até 100000 anual
962,Male,52,150000,1,1,47 ate 60 anos,100000+ anual
611,Female,48,133500,1,0,36 até 46 anos,100000+ anual
114,Male,41,52000,0,1,36 até 46 anos,36000 até 60000 anual
39,Male,19,83500,0,1,Até 21 anos,60000 até 100000 anual
721,Male,29,148000,1,1,22 até 35 anos,100000+ anual
642,Female,58,101000,1,0,47 ate 60 anos,100000+ anual
844,Female,36,48500,0,0,36 até 46 anos,36000 até 60000 anual
440,Male,63,85500,1,1,47 ate 60 anos,60000 até 100000 anual
577,Female,35,44000,0,0,36 até 46 anos,36000 até 60000 anual
757,Male,22,81000,0,1,22 até 35 anos,60000 até 100000 anual
65,Female,24,32000,0,0,22 até 35 anos,15000 até 36000 anual
124,Female,39,71000,0,0,36 até 46 anos,60000 até 100000 anual
794,Female,31,15000,0,0,22 até 35 anos,15000 até 36000 anual
998,Female,60,77500,1,0,47 ate 60 anos,60000 até 100000 anual
287,Male,32,59500,0,1,22 até 35 anos,36000 até 60000 anual
82,Female,46,23500,1,0,36 até 46 anos,15000 até 36000 anual
695,Female,39,79000,0,0,36 até 46 anos,60000 até 100000 anual
946,Male,39,60500,0,1,36 até 46 anos,60000 até 100000 anual
676,Male,42,54000,0,1,36 até 46 anos,36000 até 60000 anual
649,Female,28,87000,0,0,22 até 35 anos,60000 até 100000 anual
477,Female,45,77500,0,0,36 até 46 anos,60000 até 100000 anual
572,Male,48,33000,1,1,36 até 46 anos,15000 até 36000 anual
832,Female,31,71000,0,0,22 até 35 anos,60000 até 100000 anual
302,Male,33,121500,1,1,22 até 35 anos,100000+ anual
420,Female,27,84000,0,0,22 até 35 anos,60000 até 100000 anual
971,Male,25,56500,0,1,22 até 35 anos,36000 até 60000 anual
382,Female,30,48500,0,0,22 até 35 anos,36000 até 60000 anual
168,Female,24,67500,0,0,22 até 35 anos,60000 até 100000 anual
476,Female,54,136500,0,0,47 ate 60 anos,100000+ anual
951,Female,53,104000,1,0,47 ate 60 anos,100000+ anual
863,Male,38,59000,0,1,36 até 46 anos,36000 até 60000 anual
800,Female,47,23500,0,0,36 até 46 anos,15000 até 36000 anual
407,Female,28,138500,1,0,22 até 35 anos,100000+ anual
299,Female,48,134000,1,0,36 até 46 anos,100000+ anual
687,Female,44,73500,0,0,36 até 46 anos,60000 até 100000 anual
